# p(<sigma v> | N_PBH, M_PBH, m_DM, U) for M_PBH = 0.5 M_sun.
# Columns are: <sigma v> (cm^3/s), m_DM (GeV), p(sv | ...).
9.999999999999999841e-46 1.000000000000000000e+01 5.262920930156157751e-02
9.999999999999999841e-46 1.000000000000000000e+04 5.260733826442264699e-02
1.000000000000000038e-25 1.000000000000000000e+01 0.000000000000000000e+00
1.000000000000000038e-25 1.000000000000000000e+04 4.917663286718874225e-273
