# p(<sigma v> | N_PBH, M_PBH, m_DM, U) for M_PBH = 0.5 M_sun.
# Columns are: <sigma v> (cm^3/s), m_DM (GeV), p(sv | ...).
9.999999999999999841e-46 1.000000000000000000e+01 5.267493478707501592e-02
9.999999999999999841e-46 3.162277660168379612e+02 5.267413735342637432e-02
9.999999999999999841e-46 1.000000000000000000e+04 5.267398352079978585e-02
9.999999999999999293e-41 1.000000000000000000e+01 5.297522255733451424e-02
9.999999999999999293e-41 3.162277660168379612e+02 5.272293259063914883e-02
9.999999999999999293e-41 1.000000000000000000e+04 5.267444363048486011e-02
1.000000000000000008e-35 1.000000000000000000e+01 7.191440226133680169e-02
1.000000000000000008e-35 3.162277660168379612e+02 8.479130228725009766e-02
1.000000000000000008e-35 1.000000000000000000e+04 5.281661970403336154e-02
1.000000000000000083e-30 1.000000000000000000e+01 1.145283716016156812e-06
1.000000000000000083e-30 3.162277660168379612e+02 4.341316732727241198e-05
1.000000000000000083e-30 1.000000000000000000e+04 1.222247350574627439e-01
1.000000000000000038e-25 1.000000000000000000e+01 0.000000000000000000e+00
1.000000000000000038e-25 3.162277660168379612e+02 0.000000000000000000e+00
1.000000000000000038e-25 1.000000000000000000e+04 4.946891382253052250e-06
