# p(<sigma v> | N_PBH, M_PBH, m_DM, U) for M_PBH = 10.0 M_sun.
# Columns are: <sigma v> (cm^3/s), m_DM (GeV), p(sv | ...).
9.999999999999999841e-46 1.000000000000000000e+01 4.954572767024648799e-02
9.999999999999999841e-46 3.162277660168379612e+02 4.954568682164087190e-02
9.999999999999999841e-46 1.000000000000000000e+04 4.954567894782641035e-02
9.999999999999999293e-41 1.000000000000000000e+01 4.956134011407604956e-02
9.999999999999999293e-41 3.162277660168379612e+02 4.954823302980709832e-02
9.999999999999999293e-41 1.000000000000000000e+04 4.954570280375357461e-02
1.000000000000000008e-35 1.000000000000000000e+01 5.190624746466129813e-02
1.000000000000000008e-35 3.162277660168379612e+02 5.013800271332721076e-02
1.000000000000000008e-35 1.000000000000000000e+04 4.955334354113638540e-02
1.000000000000000083e-30 1.000000000000000000e+01 2.316813329993864298e-03
1.000000000000000083e-30 3.162277660168379612e+02 6.714828976271278171e-02
1.000000000000000083e-30 1.000000000000000000e+04 5.125932237002527037e-02
1.000000000000000038e-25 1.000000000000000000e+01 0.000000000000000000e+00
1.000000000000000038e-25 3.162277660168379612e+02 0.000000000000000000e+00
1.000000000000000038e-25 1.000000000000000000e+04 1.011861545108639834e-02
