# p(<sigma v> | N_PBH, M_PBH, m_DM, U) for M_PBH = 0.5 M_sun.
# Columns are: <sigma v> (cm^3/s), m_DM (GeV), p(sv | ...).
9.999999999999999841e-46 1.000000000000000000e+01 5.267707494157498199e-02
9.999999999999999841e-46 3.162277660168379612e+02 5.267601636474491394e-02
9.999999999999999841e-46 1.000000000000000000e+04 5.267581242979450795e-02
9.999999999999999293e-41 1.000000000000000000e+01 5.307841632373248852e-02
9.999999999999999293e-41 3.162277660168379612e+02 5.274075102598759640e-02
9.999999999999999293e-41 1.000000000000000000e+04 5.267642877327192996e-02
1.000000000000000008e-35 1.000000000000000000e+01 4.268582569625567480e-02
1.000000000000000008e-35 3.162277660168379612e+02 1.015581004744198490e-01
1.000000000000000008e-35 1.000000000000000000e+04 5.287155513876456991e-02
1.000000000000000083e-30 1.000000000000000000e+01 2.518534437708037533e-09
1.000000000000000083e-30 3.162277660168379612e+02 5.824714066678901032e-07
1.000000000000000083e-30 1.000000000000000000e+04 1.157509051297736513e-01
1.000000000000000038e-25 1.000000000000000000e+01 0.000000000000000000e+00
1.000000000000000038e-25 3.162277660168379612e+02 0.000000000000000000e+00
1.000000000000000038e-25 1.000000000000000000e+04 2.250795874076532722e-08
